Chromosome,CPG Site in Zebrafish,strand,Chromosome_Vermilion,BLAST Alignment Start,BLAST Alignment End,CpG position Vermilion,Alignment Strand,Primer Name,sequence,Primer 1 F,Primer 1 R,Length of amplicon,Length with indexes,Length after PCR2,F Primer Temp,R Primer Temp,CpG Site Location on amplicon,BP in Sequence F READ,BP in Sequence R READ,Primer Pool
NC_007124.6,11744067,plus,CAKALS010000018.1,22658465,22658645,22658564,,CAKALS010000018.1:22658414-22658714,GAAGAAGTTAGTGTATGCCTGCCCGCACCATGATGGCGTCTGACATGGCTGAGACGTGGAGGAACTGTTTTGAGGAGGAGCTCATCTGCCCCATCTGCCTGCACGTGTTCTCAGATCCCATCCAGCTGCCCTGCAAGCACAACTTCTGCCGGGGCTGCATCAGCGAGGCCTGGGCCAAAGACTCTACGCTGGCCCGCTGCCCCGAGTGCAATCATGCTTACACGCAGAAGCCCAGCCTGGAGAAGAACCACAAACTGTCCAACATAGTCGAGAAGTACAACGCCCTGAGCGTGGAGAAGG,TTTTAGATTTTATTTAGTTGTTTTGTAAGTAT,TTATAATTCTTCTCCAAACTAAACTTCTAC,145,211,231,56.10,56.98,41,71,134,
NC_007125.6,35888592,plus,CAKALS010000007.1,25878945,25879338,25879144,plus/minus,CAKALS010000007.1:25878994-25879294,GGCCAGGCTGGAGTTACAAGTGTCCCTGTACACGTAGGGAGGCGTCGGAGGCGCGTAGGGACACGCCGAGGTGGGCACGCCCGAGTTGAGAGACGGATTACTGAGGTTGTTCAAGTTATTGAGGCTGTTGAGGCTGGAGCCAGGCACGCCGGTCACCGCCGACGGCACCATGCCCGAGGTCATGGAGGAGATGGAGTTGGGCGGAGAGAACATGGTCTGCGAGGACAAAGGGTTGACGTTCATGGAGTTGAAGAAGGGGAAGCTCTTGGTGGACAGAGAGGCCGACGTGAGGCCCTTGGC,AGGTTGTTGAGGTTGGAGTTAG,ACCTCTCTATCCACCAAAAACTTC,161,227,247,57.40,59.11,28,58,163,BLUE
NC_007116.6,38826605,plus,CAKALS010000006.1,3197805,3198043,3197843,,CAKALS010000006.1:3197693-3197993,GAgcgtgaagaaaaaaaatgcatgcacAACACCGCCTCTTCAAAAAGAGCCTGATTGAGCACCAGAATAAGGccaacctccctccctccctctctctctctctctctctctctgccaccttCCTCTACCTGCTGTCCCCAGTCGATCCCCGGCAAAACTTGGCGGCAGATGTTGCCGTGCTAAGTTGGCTCTGAAGTGCCTCCCCGGCTCCCCGGTCTCACCGACAACACAGTCAAACCACATTAGATCTCTTTATTTGTGCCTGGGGCAAGTTCGGCACTGCAGCTGTGTCCACCCCCG,TTTTTAAAAAGAGTTTGATTGAGTATTAGAATAAG,AAAAACACTTCAAAACCAACTTAACAC,167,233,253,60.61,60.15,113,143,84,
NC_007116.6,38826605,plus,CAKALS010000006.1,3197805,3197945,3197843,,CAKALS010000006.1:3197693-3197993,GAgcgtgaagaaaaaaaatgcatgcacAACACCGCCTCTTCAAAAAGAGCCTGATTGAGCACCAGAATAAGGccaacctccctccctccctctctctctctctctctctctctgccaccttCCTCTACCTGCTGTCCCCAGTCGATCCCCGGCAAAACTTGGCGGCAGATGTTGCCGTGCTAAGTTGGCTCTGAAGTGCCTCCCCGGCTCCCCGGTCTCACCGACAACACAGTCAAACCACATTAGATCTCTTTATTTGTGCCTGGGGCAAGTTCGGCACTGCAGCTGTGTCCACCCCCG,TTTTTTTAAAAAGAGTTTGATTGAGTATTAGAATA,AAAAACACTTCAAAACCAACTTAACAC,169,235,255,60.83,60.15,115,145,84,GREEN
NC_007116.6,58884193,plus,CAKALS010000016.1,4200085,4200345,4200276,plus/minus,CAKALS010000016.1:4200126-4200426,GATGAGATAAGGCGCCAGGCTGGGGTCTGATTGTCCGAGGCAGATGCTGGTAGAGCCGGctggtcctcctggtcctcctggtcctcctcctcctctctggccCCGCGgtgacaacaacaaacaccGCTCTATGTGTCCGCTCACCTGGCCGCTGTAAGGCCGCCAGTAGCCCAGATCATCCTGCCATTCCCACACCGCTATCATGGGCTGAGACTGTCCAACAGAACCAGAGGGCTGAGCTGACACTGATGGCCCGTTTCTAGAGCCGTTGACCCGGGCACAGGAGCCAGACACGATCGC,TTTTTTGGTTTTTTTGGTTTTTTTT,CCCTCTAATTCTATTAAACAATCTCAACCC,170,236,256,60.32,63.40,95,125,105,PINK
NC_007132.6,22476512,minus,CAKALS010000029.1,936548,936711,936580,minus/minus,CAKALS010000029.1:936430-936730,GAGAACAAACACCCTCTAGACCTGTTAGATGTTCTGTATATGGTCATTGTTAGTATTGATGACGTATTGATGACGTATTGATGACGTCCTCCCGTCCTCAGCCTCTGGAGTACCCCGTGGGTCCGAAGAGTAACCCTCTTCCTTTCCTGCGTAACCCCGACATCCTGGTGGGGGAGAATGACCTCACGGCGCTCAGCTACCTGCATGAACCCGCCGTCCTGCACAACCTCAAGGTCCGCTTCCTGGAGCCCAACCACATCTACACGTACTGCGGTCAGTCAGCGTCCAGCATCTGTTACT,TTTAGATTTGTTAGATGTTTTGTATATGGTTATTG,AAAATCATTCTCCCCCACCAAAATA,171,237,257,61.99,64.55,135,165,66,PINK
NC_007124.6,17339498,plus,CAKALS010000010.1,10080541,10080937,10080740,,CAKALS010000010.1:10080590-10080890,GGACACCCCTTGTACCCGTACGGTTTCATGCTCCCAAATGACCCTCTGCCTCACGTTTGTAACTGGGTGTCTGCAAACGGACCGTGCGACAAGCGGTTCTCCTCCTCAGAAGAGCTGCTGAATCACCTGAGGACTCACACTGCTTTTACCGGAGCAGAGAAGTTGATATCTGGGTATCCCGGGTCTTCATCGCTGGCCAACGCAGCAGCAGCGGCCATGGCGTGTCATATGCACATGCCGCCTTCAGGTGCGCCTGGGAGTCCCGGGACTTTGGCTCTGAGGAGCCCGCATCACGCGTTA,AGTTGTTGAATTATTTGAGGATTTATAT,ACTCCTCAAAACCAAAATCCC,173,239,259,56.43,59.32,37,67,166,PINK
NC_007116.6,12401904,plus,CAKALS010000006.1,19889051,19888663,19888851,plus/minus,CAKALS010000006.1:19888701-19889001,GGTAGAAAGAGTTGAAGCCCTCAGGGTCAAAGTAGTAATGGGGGTCACGTAGGAACTCAGTCAGCTTGTCATCACCTGGTATCTTCCAAGTAAAAGGCACCAGCCGGCCAAAGTAGTGGAAGGATGACTCAAAAAGCTCTGCGGGGTCTCGCAGTATAGTGATGTAGGAAGTGTCCATAGGTAGCAGCTTGGCCACCTCGGGTGCATTGAGGCGCATGTGATTACAGATAATGTTGAAGCACATTCCAGGTCTGTAGTCTTTAACCTGGGAACGCTGGAAAAGGGATGGATAGAAGAAGT,TTTAGGGTTAAAGTAGTAATGGGGGTTA,CCAAACTACTACCTATAAACACTTCCTACATC,173,239,259,61.45,61.24,130,160,73,PINK
NC_007135.6,19406405,plus,CAKALS010000021.1,14693202,14693359,14693274,plus/minus,CAKALS010000021.1:14693124-14693424,TGTCAGGTGAAGTCTTTATATTAGGTCATAAAGGGACAACAAATGAGTTAATAgccccttttttttaaattataggAACACATACCTTGGCATATTCGGCACCATGTTTCTCCTTGTAACCATTCCGACAGACAGTGTAATTATAGAAGCGGGAATTTTTGATCAATCCAAGCCATTCGCGCCACCCAGGTGGGATGTAGCTGCCATTGTACTCATTGAGGTATTTGCCAAAGAAGCCTgcagaagagaaggagagataaAGGAAGGTTTCTTTTAATATGAAGTCTTAGGCCATAAAtg,GGGATAATAAATGAGTTAATAGTTTTTTTT,TAACAACTACATCCCACCTAAATAAC,174,240,260,57.63,56.98,117,147,87,GREEN
NC_007128.6,45465564,plus,CAKALS010000013.1,27264598,27264763,27264683,,CAKALS010000013.1:27264533-27264833,ATGTCTCTCTTGTAAAGTGGATATAAAAGTCTGTGGTTTAATGAGTGAAATGTCCTCCCTCCACAGGCCCTGAGCTCAGAGCTGGCAGAAGCCCGAGACGACAAGAAGAAGACCCAGAACGACGTGCTCCACGACGAGAACGTCAGAGTCGGCCGCGACAAGTACAAGACCCTGCGTCAGATCCGTATGGGCAACACCAAGCAGAGGATTGATGAGTTTGAGGCCTTGTAGAAAACCTCAGAGAGCGGAAGATCTCTCCCACATACCTCATGAAGGCCACCGTTCAGCTatgcttttttt,GGTTTAATGAGTGAAATGTTTTTTTT,TCAATCCTCTACTTAATATTACCCATAC,178,244,264,58.21,56.78,115,145,93,PINK
NC_007128.6,50887169,plus,CAKALS010000013.1,17552716,17552381,17552669,plus/minus,CAKALS010000013.1:17552519-17552819,TGATCTGAAAAACCCAATATCTAATGTGTGAAATGGGAAATGCCTTGTCGTAGCATGCCTGGTTGCAGCCCGGTTGCAAGGTGTTACAAACAAACATGGTTTGCTCGTCATCATAGACAGTCTCTCCAACTATTGCTACGATTAGAATCCGGAAGATGACCACCACTGTTAGTAGGATCCtaaaaagcaagcaaacaaacaaacaaatgtgaaaaataagtgtagatttgaatatatatatatatatatatgtgttgtgTAATTTCACTGACACACAAATATGTGTGGTTGAGTTGTGGC,TAATATTTAATGTGTGAAATGGGAAATGTTTT,TTACTTACTTTTTAAAATCCTACTAACAATAATA,180,246,266,63.49,56.59,135,165,75,GREEN
NC_007125.6,32543646,plus,CAKALS010000007.1,16018459,16018582,16018511,plus/minus,CAKALS010000007.1:16018361-16018661,CTCTCCTCTTAAATCGGCTCTCTGAGAGGTTGTAGTCGGCCATTTCACCTCCACCGGCAACGAACCCCACCGACTGAGTGACGGGAAGGTGTCTGATAACATCTGAAGATGACTGAGACAGCTATCTCCTTCGCCAAGGACTTCTTGGCCGGCGGTATCGCCGCTGCCATCTCCAAAACAGCTGTAGCCCCAATCGAGAGAGTCAAGCTTCTCCTGCAGGTCAGTGTTAAACATCAGCATTGTCTCTCATgaagttgctgctgctgttttagaTGCTGCCTGCTCGTGTATGCAACACAA,GAAGGTGTTTGATAATATTTGAAGATGATTGAG,AACAACAACAACAACTTCATAAAAAACAATACTAA,184,250,270,64.82,63.87,65,95,149,BLUE
NC_007125.6,32543646,plus,CAKALS010000007.1,16018459,16018582,16018511,plus/minus,CAKALS010000007.1:16018361-16018661,CTCTCCTCTTAAATCGGCTCTCTGAGAGGTTGTAGTCGGCCATTTCACCTCCACCGGCAACGAACCCCACCGACTGAGTGACGGGAAGGTGTCTGATAACATCTGAAGATGACTGAGACAGCTATCTCCTTCGCCAAGGACTTCTTGGCCGGCGGTATCGCCGCTGCCATCTCCAAAACAGCTGTAGCCCCAATCGAGAGAGTCAAGCTTCTCCTGCAGGTCAGTGTTAAACATCAGCATTGTCTCTCATgaagttgctgctgctgttttagaTGCTGCCTGCTCGTGTATGCAACACAA,GAAGGTGTTTGATAATATTTGAAGATGATTGAG,AACAACAACAACAACTTCATAAAAAACAATACTAA,184,250,270,64.82,63.87,65,95,149,
NC_007124.6,11744067,plus,CAKALS010000018.1,22658465,22658645,22658564,,CAKALS010000018.1:22658414-22658714,GAAGAAGTTAGTGTATGCCTGCCCGCACCATGATGGCGTCTGACATGGCTGAGACGTGGAGGAACTGTTTTGAGGAGGAGCTCATCTGCCCCATCTGCCTGCACGTGTTCTCAGATCCCATCCAGCTGCCCTGCAAGCACAACTTCTGCCGGGGCTGCATCAGCGAGGCCTGGGCCAAAGACTCTACGCTGGCCCGCTGCCCCGAGTGCAATCATGCTTACACGCAGAAGCCCAGCCTGGAGAAGAACCACAAACTGTCCAACATAGTCGAGAAGTACAACGCCCTGAGCGTGGAGAAGG,GGAGGAGTTTATTTGTTTTATTTGTTTGTA,TAAACAATTTATAATTCTTCTCCAAACTAAACTTC,188,254,274,61.19,61.86,76,106,142,PINK
NC_007132.6,43175829,plus,CAKALS010000016.1,10248453,10248568,10248515,plus/minus,CAKALS010000016.1:10248365-10248665,AGCGCTACACACTTTTTACATCTTTTTAAAGCCGTTTTATCTTTGTAAGTCGACCTGTACACAGCGTTATAGCTAGAAGACGCTGGTAAGATGTCAGTGGTGGGATTTGATCTGGGCTTTCAGAGCTGCTATGTAGCTGTAGCCAGAGCCGGAGGGATCGAGACCGTCGCTAACGAGTACAGCGACAGATGCACACCGTAAGTACATAAAAATACAGATATTATTTACTGGATGTATTGGGTATTTTAGCGTTTAACAGCTAGCTACAGAAGAGAGGGGTTTTGTTCTCTAGctacagct,GTGGGATTTGATTTGGGTTTTTAGAGT,AAAAACAAAACCCCTCTCTTCTATAACTAACTATT,190,256,276,64.41,63.15,50,80,170,BLUE
NC_007136.6,13518026,plus,CAKALS010000003.1,25758709,25758872,25758808,plus/minus,CAKALS010000003.1:25758658-25758958,TGCACCGCTCCAAGGACTCCTGCTGGGTGTTGCTGGGCAACAGGGTTTACGATGTGACCTCCTTCTTGCGGATGCACCCGGGCGGTGAGGCGCTCCTCCTCCGGCGGGCAGGCAAGGACGTGAGCCGGGAGATGGAGGGACCTCCACACCGGCACTCTGAGAACGCCCGGCGGTGGATGGAGCAGTACTACATTGGGGAGctggacacagacagagacaccgACCAGGCTCAGGTAGAGTAGCACTTCAATGGGTTTGGCATTCAATGAGGctcactgtaaacaattgctgttaatttac,TAAGGATTTTTGTTGGGTGTTGTTG,ACTCCCCAATATAATACTACTCCATCCAC,191,257,277,63.13,62.75,139,169,82,PINK
NC_007125.6,32403420,plus,CAKALS010000007.1,15646974,15647375,15647169,,CAKALS010000007.1:15647019-15647319,CGGTCTTGCACATGGAGCTCAGTCCCATGGAGCTGCCCTGCTGCTGCGTGGTGGTGTACGCTGCAGGAGACATACTATACGTGGACGCAGCGTTCATGTAGCTCTGCGCAGACGACATCATCGGGTACTGCAGCCCAGCCATCTCGTACCGGTGCATCTGCTGGATCTGCGGGCTGTTCATGCTGTGGTGCTGATGAGGATAAGCCAGCTGGTCCTGCATGAGAGAGTACGCGCTGTTCGTCCAGCCGTTCATGTGCGCGTATCCGTCCATGCGTTGACCCACAGACACAGAGCTGTTCA,ATGGAGTTTAGTTTTATGGAGTTGTTT,CCAACTAACTTATCCTCATCAACAC,201,267,287,58.98,58.22,138,168,93,GREEN
NC_007130.6,2010929,plus,CAKALS010000014.1,21263514,21263659,21263539,,CAKALS010000014.1:21263389-21263689,ACCCTcgacacacctacacacacacacacacacacacagagagagagagagagacagagagacagagctaAAGGCCCttgcagaagaagcagcagcttcACTCACGAAAGTGTCGGTGCCGCCTGGACACAGCACGTAGAAGGAGACGCCGGGCTCTGCGTAGAAGTCCAGCCGCCTCTCGTCGTCCTCCTCGGCGAAGATGAGGTCGAACGGGTTCCCGGAGCACCACTTCTCCGCCGCCTCCACCAGATGCTTGAACTCCATCCTCCGTTATCCAGTCTGCTGCGGTGTGTTCCCTGG,GATAGAGTTAAAGGTTTTTGTAGAAGAAGTAGTAG,AAAAATAAAATTCAAACATCTAATAAAAAC,208,274,294,59.97,56.75,89,119,149,BLUE
NC_007135.6,17439,plus,CAKALS010000021.1,20592476,20592638,20592540,,CAKALS010000021.1:20592390-20592690,TCCCTTTGAAACTGCATATTTTCTGGTTACCTCTgaaagaaatgtttaaaaaaaaaagctttcatATACTCCCTCCTCTTTTTGTAGCTCAAATCTGACTACGACCGAGGCGAGTATTCCATCAAGTACATTTTATCAGGAGAAGGCGCCGGAGATGCATTTGAGATAGATGAGTATTCTGGGGAGATCCGGACCCTGAAGAAACTCGACCGAGAGGAAAAGGCCTTCTACGTCCTTCAAGCCCAGGCTATCAACAGGAGGTCCAACGAACCAGAGGAACCCCAGTCAGAGTTCATCATC,TTTTTTTTGTAGTTTAAATTTGATTA,AAACTCTAACTAAAATTCCTCTAATTC,219,285,305,53.42,53.99,74,104,175,GREEN
NC_007130.6,47835179,plus,CAKALS010000014.1,6823729,6823856,6823769,plus/minus,CAKALS010000014.1:6823619-6823919,caagTTAAATGGAAGTGACAATCTGCAAACATTCCTGCCGGCAGCTGCGGTTGCATTCTCCACCCTCTGCGTGGTCATCGGGGGGCCCCCCCCTCGCGACCCCCTGCGCCCCGGCACACGCACCTGCCGCTCGCAGCCCTCGCTTTCACCGACAGCCAGATAATCTATGGGCGGGTCCGGGGCAGGGGCTCCCCTTCAATGCGCTCTTGAGAAAACCCCTTATGCGTGAAAAAGCCCTCTTTTCTCCGTCTTTTGTCCAACACAGTTTTATGGGACAACATTGGGCATTATGAGGTTTGG,AGTTAAATGGAAGTGATAATTTGTAAATAT,CATAAAAAATTTTCTCAAAAAC,222,288,308,56.90,50.78,147,177,105,BLUE
NC_007115.6,15241363,plus,CAKALS010000008.1,33961374,33961525,33961442,,CAKALS010000008.1:33961292-33961592,CAGCACGCGTTACGGTTCCAcccgtgtgtttgtttgtgagtCTCTGTGCAAACTTCCCAGCGTGCCTCGCCGAGTGTGACGTACCAGGGTTTTGTACTCGATCTGCTGGCGGATGAGCTTGTCTTCACTGAGGGAGTAGCGGGCCTCTCCGGTGATGGCGTCGATGGGCCCCTTCTCCATCTGCTGCTTAATGGCGCAGTACAGCATGAACAGAGGCTCCCCAGCACACTCctgtgatcacacacacacacacacacacacacacacacacacacagaaatacacacacatacacacgca,GTGAGTTTTTGTGTAAATTTTTTAG,AAAAAACCTCTATTCATACTATACTAC,222,288,308,53.78,50.80,114,144,138,GREEN
NC_007133.6,25289432,plus,CAKALS010000018.1,20051861,20051979,20051920,,CAKALS010000018.1:20051770-20052070,CAGCTGTTAtagtaataacaatattatattacGGTCATCACCCCACACTTTTTTCCACACACAATGAACACAAATTTACAACTGATAACATCCCAGCAAGCAATACACGTCATTTCAACACCTCGGCTAGATATAGCCCCAATTTAGTGCGGCTATGGTTAAACCACTTTTAATCAAAATGGTCTTGAATctggttacatttattttttgcccaGGCAGCTTACAAGATGTTTATTCCATCACGTAAGCAAAGTCAACAGTTATTACAAGGtgtttagtttcatttttttgacatgGTCT,TTTTTTTATATATAATGAATATAAATTTAT,AAAACTAAACACCTTATAATAACTATTAAC,233,299,319,50.18,53.00,100,130,163,BLUE
NC_007112.6,40796018,minus,CAKALS010000022.1,15626446,15626645,15626546,minus/minus,CAKALS010000022.1:15626396-15626696,tccaccctcctccaccctgtgtgtctctctcctctcttcttgcTTCTCACCTGTGTCTTGTCTGAACTGGTGCATGGAATGCAAATCGATGATGTAGGGCGAGAGGCGAGAGTCCACCTGGCCGAGGACGACACTACCACACCGCGGGTCGCTCCGGATGACTGCCTCGATGTGATGACAGACAGCCGGGCTGTAGGGCCGCCAGCGTCCGTGCTCGTTCAGCCATTCCCAGACCACCACGGCGGACGCTAGTAACATCCTACTCCTGCAGGAAAACAACATAAAGGAGGCATATATGTG,TGTGTTTTGTTTGAATTGGTGTATGG,CACATATATACCTCCTTTATATTATTTTCCTACAA,249,315,335,63.84,60.74,98,128,181,BLUE
NC_007115.6,17690807,plus,CAKALS010000023.1,11431638,11431785,11431755,plus/minus,CAKALS010000023.1:11431605-11431905,GatctgtattaataataataattaatatgttttacctgtttgaTCTTAGTGGTTATGGCAGACGGCAGTTTGACTCTCAGCTGCTCCGTTTCTTTATAGGTTGCCGGGAAGCCGCTCAGGTAGGCCAGAGACTGCATGCGGATCAGACCCGGAGCCTCTTTATCTGTCGTCTGCAAAACACGcaacaaacaaagagaaactTTTTCCTTAGAaatctttagtcgattagtcatttttttatccttttgtCATGCCGAATGACTCATTTCCAAGAAACAACTCTGGTAAACacgagattta,TTTGTTTGATTTTAGTGGTTATGGTAGA,CAAAATTATTTCTTAAAAATAAATCATTC,250,316,336,60.39,56.05,115,145,165,BLUE
NC_007128.6,5574992,plus,CAKALS010000017.1,14077159,14077277,14077174,,CAKALS010000017.1:14077024-14077324,AGAAGACCAGCAGCGCCAGGACGATCCACAGGCAGTCCAGCCAGAGGCGCTCCTCCTGCTGCGGTGGTGGCCGTGGCaacgcagcatcagcatcatctctcctcttcttccttttccCCTTCCCACGGAGGTAATGCAGGCAGGCGCTCCGGCAGCCCCAGTAGCACGACGAGGTGTTGCAGCAGTGGCAGATGTGGAATGAGCTGCTGTTCCGGTTGTCGTCGTCGCCCCCCACCACCTCGTCCAGGTTGTGCAGCTGGGCGAAACCGGTGACGACCCCGCGACCATCGGATTTCGCTG,N/A,,,,,,,,,,
NC_007132.6,7798828,minus,CAKALS010000020.1,2554832,2555016,2554927,minus/minus,CAKALS010000020.1:2554777-2555077,cacgaGCTCAACGCATTAGAAAACTCCAAAGTCATCCAGTTTGCTCTAATCATTACAATTAGTCGTGAATTATCACCGGACTCTGACAGACGTTCCTTGTAACTCTCTTTTATTTCCACCTCGCGCTAATCAGCGGCTCTCATTACAAACGCTGATTAAACTGCAAATTAGCCAGCAGCGGCCTCGTGCGCGCCGACCAGCGCCTCGCTCAATATCAATTAAGTGGAGCAGCCCGTCTGTCTGTAGTCTCGCGGCGCTTCCAAATGCTTGATAGTGCCACTTATTAGTTTGGAAAACTCG,N/A,,,,,,,,,,
NC_007112.6,8611626,plus,CAKALS010000002.1,23757567,23757711,23757625,plus/minus,CAKALS010000002.1:23757475-23757775,TGATCCGCGCTCATTGCCGCATACACATCCCCCTATTACTGCGCCCCAGCGCCGCTTAATATTCCGGGCATGGCGGGCGCGTCTAGATAGCAGATTTATCAAATGGGAAAATGAATGTATGATGATCAGTTAAATTGAAAATCAGCGCCCGGGTGACAGGCCGCACTGACACCTCGGTAATTAGAAAGAAAAATGATGGCGTCCGAATGCATAATAGAGCAAAAACAATTTACGCTATCCCCCCACGCCGTAATGATCGCGCGCTCAAATTGAAAATTTCTCTCTGGTTGAAATTGAATT,N/A,,,,,,,,,,
NC_007113.6,3077211,plus,CAKALS010000004.1,15197593,15197789,15197600,,CAKALS010000004.1:15197450-15197750,CTGGTCCAGCTCAGCCCGAGTTCATGACGCTCTGGGCGACCTCGTCATGCGTCTTTTGCCTGAGCCCAGCGCCCAGTCCCTccggctcctcttcctcttcatcttcgtGATGGGGGTGACCCCGTCCCCGGCTCTCACGGCCGGCTGTCCGGACAGATGCGTGTGCGACGACCAGCTGGTGGTCCAGTGCGCCGGACAGGAGCTCACCATGTTCCCAAATGACCTGCCTCTGGCGACCCGGCAGCTCATCATCTCCAACAACCGCATCGGGGACCTTCCGGCGCTGCAGCTCAACTACCT,N/A,,,,,,,,,,
NC_007121.6,44527467,plus,CAKALS010000006.1,24824244,24824652,24824449,plus/minus,CAKALS010000006.1:24824299-24824599,AGGAGTCCTGTGTGGCGGCGCGGGGTCCGCTCCGGGAGGGTCGGGCAACGGGAAGACGCACAACCCGGAGTCGCTGCTCGACATCGCGGCGCGCAGAGTCGCGGAGAAGTGGCCCTTCCAGCGGGTGGAGGAGCGCTTCGAGAGGATCCCGGAGCCCGTCCAGCGGAGGATCGTATACTGGTCGTTCCCGAGGAGCGAGAAGGAGATCTGTATGTACTCCTCTTTCAACgccggaggaggagaggaaagtggAACTAGCGGGGACAATAATGACGAGACCCAGCTGCCTTTCCTACGGGG,N/A,,,,,,,,,,
NC_007128.6,5574992,plus,CAKALS010000017.1,14077159,14077277,14077174,,CAKALS010000017.1:14077024-14077324,AGAAGACCAGCAGCGCCAGGACGATCCACAGGCAGTCCAGCCAGAGGCGCTCCTCCTGCTGCGGTGGTGGCCGTGGCaacgcagcatcagcatcatctctcctcttcttccttttccCCTTCCCACGGAGGTAATGCAGGCAGGCGCTCCGGCAGCCCCAGTAGCACGACGAGGTGTTGCAGCAGTGGCAGATGTGGAATGAGCTGCTGTTCCGGTTGTCGTCGTCGCCCCCCACCACCTCGTCCAGGTTGTGCAGCTGGGCGAAACCGGTGACGACCCCGCGACCATCGGATTTCGCTG,N/A,,,,,,,,,,
NC_007129.6,14910110,plus,CAKALS010000003.1,32116307,32116704,32116504,,CAKALS010000003.1:32116354-32116654,CGATGTTGTTCGGGTGGCACCTTCACCTCCCCGAGGTAGCAGGCCGCCCCGTCGCCCAGCTGCCCGGCGAACTGGCCGAACTGGTGTCCGCAGTAGCAGTGAGCAGCGGGCTCGGAGCCGGGCATGACTTTGGACCCGCTGAGGTACTCCGGTCCGAGCGGGTCGTTCACCACCTCGTCCCCGTTGAGCCCCAGCAGCGCCAGGGCTTCGTGCGACACAGCCACGAACCGAGGCTTGGTCAGCGGCGTCGGCTTCACCCGGGAGAAACACGCTCCTTTCACCTGCCGCGGTCCCGGCTCC,N/A,,,,,,,,,,
NC_007132.6,7798828,minus,CAKALS010000020.1,2554832,2555016,2554927,minus/plus,CAKALS010000020.1:2554777-2555077,cacgaGCTCAACGCATTAGAAAACTCCAAAGTCATCCAGTTTGCTCTAATCATTACAATTAGTCGTGAATTATCACCGGACTCTGACAGACGTTCCTTGTAACTCTCTTTTATTTCCACCTCGCGCTAATCAGCGGCTCTCATTACAAACGCTGATTAAACTGCAAATTAGCCAGCAGCGGCCTCGTGCGCGCCGACCAGCGCCTCGCTCAATATCAATTAAGTGGAGCAGCCCGTCTGTCTGTAGTCTCGCGGCGCTTCCAAATGCTTGATAGTGCCACTTATTAGTTTGGAAAACTCG,N/A,,,,,,,,,,
,,,,,,,,,,,,,,,,,,,,
,,,,,,,,,,,average,191.75,258,278,,,,,,
,,,,,,,,,,,median,184,250,270,,,,,,